what,kind,bundleId,bundleVersion,description,time
deactivated,workbench,org.eclipse.ui.workbench,3.6.2.M20110210-1200,"",1366062821145
activated,workbench,org.eclipse.ui.workbench,3.6.2.M20110210-1200,"",1366062829566
activated,editor,org.eclipse.jdt.ui,3.6.2.r362_v20110203,"org.eclipse.jdt.ui.CompilationUnitEditor",1366062829990
deactivated,workbench,org.eclipse.ui.workbench,3.6.2.M20110210-1200,"",1366062831020
activated,workbench,org.eclipse.ui.workbench,3.6.2.M20110210-1200,"",1366062833363
activated,view,org.eclipse.ui.console,3.5.0.v20100526,"org.eclipse.ui.console.ConsoleView",1366062833381
deactivated,workbench,org.eclipse.ui.workbench,3.6.2.M20110210-1200,"",1366062843796
activated,workbench,org.eclipse.ui.workbench,3.6.2.M20110210-1200,"",1366062856562
activated,editor,org.eclipse.jdt.ui,3.6.2.r362_v20110203,"org.eclipse.jdt.ui.CompilationUnitEditor",1366062856605
executed,command,org.eclipse.ui,3.6.2.M20110203-1100,"org.eclipse.ui.edit.delete",1366062933481
executed,command,org.eclipse.ui,3.6.2.M20110203-1100,"org.eclipse.ui.edit.delete",1366062933662
executed,command,org.eclipse.ui,3.6.2.M20110203-1100,"org.eclipse.ui.edit.delete",1366062933806
executed,command,org.eclipse.ui,3.6.2.M20110203-1100,"org.eclipse.ui.edit.delete",1366062933974
executed,command,org.eclipse.ui,3.6.2.M20110203-1100,"org.eclipse.ui.edit.delete",1366062934054
executed,command,org.eclipse.ui,3.6.2.M20110203-1100,"org.eclipse.ui.edit.delete",1366062934222
executed,command,org.eclipse.ui,3.6.2.M20110203-1100,"org.eclipse.ui.edit.delete",1366062934382
executed,command,org.eclipse.ui,3.6.2.M20110203-1100,"org.eclipse.ui.edit.delete",1366062995578
executed,command,org.eclipse.ui,3.6.2.M20110203-1100,"org.eclipse.ui.edit.delete",1366062995744
executed,command,org.eclipse.ui,3.6.2.M20110203-1100,"org.eclipse.ui.edit.delete",1366062995905
executed,command,org.eclipse.ui,3.6.2.M20110203-1100,"org.eclipse.ui.edit.delete",1366062996056
executed,command,org.eclipse.ui,3.6.2.M20110203-1100,"org.eclipse.ui.edit.delete",1366062996217
executed,command,org.eclipse.ui,3.6.2.M20110203-1100,"org.eclipse.ui.edit.delete",1366062996360
executed,command,org.eclipse.ui,3.6.2.M20110203-1100,"org.eclipse.ui.edit.delete",1366062996512
executed,command,org.eclipse.ui,3.6.2.M20110203-1100,"org.eclipse.ui.edit.delete",1366062996640
executed,command,org.eclipse.ui,3.6.2.M20110203-1100,"org.eclipse.ui.edit.delete",1366062996793
executed,command,org.eclipse.ui,3.6.2.M20110203-1100,"org.eclipse.ui.edit.delete",1366062996945
executed,command,org.eclipse.ui,3.6.2.M20110203-1100,"org.eclipse.ui.edit.delete",1366062997097
executed,command,org.eclipse.ui,3.6.2.M20110203-1100,"org.eclipse.ui.edit.delete",1366062997256
executed,command,org.eclipse.ui,3.6.2.M20110203-1100,"org.eclipse.ui.edit.delete",1366062997418
executed,command,org.eclipse.ui,3.6.2.M20110203-1100,"org.eclipse.ui.edit.delete",1366062997608
deactivated,workbench,org.eclipse.ui.workbench,3.6.2.M20110210-1200,"",1366063082372
activated,workbench,org.eclipse.ui.workbench,3.6.2.M20110210-1200,"",1366063083192
activated,view,org.eclipse.ui.console,3.5.0.v20100526,"org.eclipse.ui.console.ConsoleView",1366063085974
activated,editor,org.eclipse.jdt.ui,3.6.2.r362_v20110203,"org.eclipse.jdt.ui.CompilationUnitEditor",1366063119141
deactivated,workbench,org.eclipse.ui.workbench,3.6.2.M20110210-1200,"",1366063149476
activated,workbench,org.eclipse.ui.workbench,3.6.2.M20110210-1200,"",1366063150311
activated,view,org.eclipse.ui.console,3.5.0.v20100526,"org.eclipse.ui.console.ConsoleView",1366063152504
activated,editor,org.eclipse.jdt.ui,3.6.2.r362_v20110203,"org.eclipse.jdt.ui.CompilationUnitEditor",1366063171523
activated,view,org.eclipse.jdt.ui,3.6.2.r362_v20110203,"org.eclipse.jdt.ui.PackageExplorer",1366063189193
opened,editor,org.eclipse.jdt.ui,3.6.2.r362_v20110203,"org.eclipse.jdt.ui.CompilationUnitEditor",1366063189516
activated,editor,org.eclipse.jdt.ui,3.6.2.r362_v20110203,"org.eclipse.jdt.ui.CompilationUnitEditor",1366063189572
executed,command,org.eclipse.ui,3.6.2.M20110203-1100,"org.eclipse.ui.edit.cut",1366063236058
executed,command,org.eclipse.ui,3.6.2.M20110203-1100,"org.eclipse.ui.edit.paste",1366063247717
deactivated,workbench,org.eclipse.ui.workbench,3.6.2.M20110210-1200,"",1366063258465
activated,workbench,org.eclipse.ui.workbench,3.6.2.M20110210-1200,"",1366063259354
deactivated,workbench,org.eclipse.ui.workbench,3.6.2.M20110210-1200,"",1366063261075
activated,workbench,org.eclipse.ui.workbench,3.6.2.M20110210-1200,"",1366063261096
activated,view,org.eclipse.ui.console,3.5.0.v20100526,"org.eclipse.ui.console.ConsoleView",1366063263747
deactivated,workbench,org.eclipse.ui.workbench,3.6.2.M20110210-1200,"",1366063273307
activated,workbench,org.eclipse.ui.workbench,3.6.2.M20110210-1200,"",1366063306555
activated,editor,org.eclipse.jdt.ui,3.6.2.r362_v20110203,"org.eclipse.jdt.ui.CompilationUnitEditor",1366063307616
activated,view,org.eclipse.jdt.ui,3.6.2.r362_v20110203,"org.eclipse.jdt.ui.PackageExplorer",1366063310576
activated,editor,org.eclipse.jdt.ui,3.6.2.r362_v20110203,"org.eclipse.jdt.ui.CompilationUnitEditor",1366063310771
activated,view,org.eclipse.jdt.ui,3.6.2.r362_v20110203,"org.eclipse.jdt.ui.PackageExplorer",1366063377853
activated,editor,org.eclipse.jdt.ui,3.6.2.r362_v20110203,"org.eclipse.jdt.ui.CompilationUnitEditor",1366063378083
activated,view,org.eclipse.ui.console,3.5.0.v20100526,"org.eclipse.ui.console.ConsoleView",1366063384762
activated,view,org.eclipse.jdt.ui,3.6.2.r362_v20110203,"org.eclipse.jdt.ui.PackageExplorer",1366063391399
activated,editor,org.eclipse.jdt.ui,3.6.2.r362_v20110203,"org.eclipse.jdt.ui.CompilationUnitEditor",1366063391729
activated,view,org.eclipse.jdt.ui,3.6.2.r362_v20110203,"org.eclipse.jdt.ui.PackageExplorer",1366063393513
activated,editor,org.eclipse.jdt.ui,3.6.2.r362_v20110203,"org.eclipse.jdt.ui.CompilationUnitEditor",1366063393684
deactivated,workbench,org.eclipse.ui.workbench,3.6.2.M20110210-1200,"",1366063458333
activated,workbench,org.eclipse.ui.workbench,3.6.2.M20110210-1200,"",1366063459258
activated,view,org.eclipse.ui.console,3.5.0.v20100526,"org.eclipse.ui.console.ConsoleView",1366063463486
activated,editor,org.eclipse.jdt.ui,3.6.2.r362_v20110203,"org.eclipse.jdt.ui.CompilationUnitEditor",1366063491786
executed,command,org.eclipse.ui,3.6.2.M20110203-1100,"org.eclipse.ui.edit.cut",1366063503739
executed,command,org.eclipse.ui,3.6.2.M20110203-1100,"org.eclipse.ui.edit.paste",1366063526412
deactivated,workbench,org.eclipse.ui.workbench,3.6.2.M20110210-1200,"",1366063537858
activated,workbench,org.eclipse.ui.workbench,3.6.2.M20110210-1200,"",1366063538702
activated,view,org.eclipse.ui.console,3.5.0.v20100526,"org.eclipse.ui.console.ConsoleView",1366063541641
activated,editor,org.eclipse.jdt.ui,3.6.2.r362_v20110203,"org.eclipse.jdt.ui.CompilationUnitEditor",1366063570987
activated,view,org.eclipse.jdt.ui,3.6.2.r362_v20110203,"org.eclipse.jdt.ui.PackageExplorer",1366063574807
no handler,command,org.eclipse.ui,3.6.2.M20110203-1100,"org.eclipse.ui.edit.findReplace",1366063577117
no handler,command,org.eclipse.ui,3.6.2.M20110203-1100,"org.eclipse.ui.edit.findReplace",1366063579653
no handler,command,org.eclipse.ui,3.6.2.M20110203-1100,"org.eclipse.ui.edit.findReplace",1366063580485
activated,editor,org.eclipse.jdt.ui,3.6.2.r362_v20110203,"org.eclipse.jdt.ui.CompilationUnitEditor",1366063581366
deactivated,workbench,org.eclipse.ui.workbench,3.6.2.M20110210-1200,"",1366063582366
executed,command,org.eclipse.ui,3.6.2.M20110203-1100,"org.eclipse.ui.edit.findReplace",1366063582382
activated,workbench,org.eclipse.ui.workbench,3.6.2.M20110210-1200,"",1366063584639
activated,view,org.eclipse.jdt.ui,3.6.2.r362_v20110203,"org.eclipse.jdt.ui.PackageExplorer",1366063585913
opened,editor,org.eclipse.jdt.ui,3.6.2.r362_v20110203,"org.eclipse.jdt.ui.CompilationUnitEditor",1366063586386
activated,editor,org.eclipse.jdt.ui,3.6.2.r362_v20110203,"org.eclipse.jdt.ui.CompilationUnitEditor",1366063586436
deactivated,workbench,org.eclipse.ui.workbench,3.6.2.M20110210-1200,"",1366063587594
executed,command,org.eclipse.ui,3.6.2.M20110203-1100,"org.eclipse.ui.edit.findReplace",1366063587611
activated,workbench,org.eclipse.ui.workbench,3.6.2.M20110210-1200,"",1366063594111
activated,view,org.eclipse.ui.console,3.5.0.v20100526,"org.eclipse.ui.console.ConsoleView",1366063594126
deactivated,workbench,org.eclipse.ui.workbench,3.6.2.M20110210-1200,"",1366063600237
activated,workbench,org.eclipse.ui.workbench,3.6.2.M20110210-1200,"",1366063600356
activated,view,org.eclipse.jdt.ui,3.6.2.r362_v20110203,"org.eclipse.jdt.ui.PackageExplorer",1366063601670
opened,editor,org.eclipse.jdt.ui,3.6.2.r362_v20110203,"org.eclipse.jdt.ui.CompilationUnitEditor",1366063602452
activated,editor,org.eclipse.jdt.ui,3.6.2.r362_v20110203,"org.eclipse.jdt.ui.CompilationUnitEditor",1366063602502
deactivated,workbench,org.eclipse.ui.workbench,3.6.2.M20110210-1200,"",1366063604435
executed,command,org.eclipse.ui,3.6.2.M20110203-1100,"org.eclipse.ui.edit.findReplace",1366063604457
activated,workbench,org.eclipse.ui.workbench,3.6.2.M20110210-1200,"",1366063614339
activated,view,org.eclipse.jdt.ui,3.6.2.r362_v20110203,"org.eclipse.jdt.ui.PackageExplorer",1366063617070
activated,editor,org.eclipse.jdt.ui,3.6.2.r362_v20110203,"org.eclipse.jdt.ui.CompilationUnitEditor",1366063617261
deactivated,workbench,org.eclipse.ui.workbench,3.6.2.M20110210-1200,"",1366063618997
executed,command,org.eclipse.ui,3.6.2.M20110203-1100,"org.eclipse.ui.edit.findReplace",1366063619020
activated,workbench,org.eclipse.ui.workbench,3.6.2.M20110210-1200,"",1366063622226
activated,view,org.eclipse.ui.console,3.5.0.v20100526,"org.eclipse.ui.console.ConsoleView",1366063623453
activated,editor,org.eclipse.jdt.ui,3.6.2.r362_v20110203,"org.eclipse.jdt.ui.CompilationUnitEditor",1366063627026
activated,view,org.eclipse.jdt.ui,3.6.2.r362_v20110203,"org.eclipse.jdt.ui.PackageExplorer",1366063642347
activated,editor,org.eclipse.jdt.ui,3.6.2.r362_v20110203,"org.eclipse.jdt.ui.CompilationUnitEditor",1366063642577
executed,command,org.eclipse.ui,3.6.2.M20110203-1100,"org.eclipse.ui.edit.delete",1366063664352
deactivated,workbench,org.eclipse.ui.workbench,3.6.2.M20110210-1200,"",1366063691908
activated,workbench,org.eclipse.ui.workbench,3.6.2.M20110210-1200,"",1366063693029
activated,view,org.eclipse.ui.console,3.5.0.v20100526,"org.eclipse.ui.console.ConsoleView",1366063695215
deactivated,workbench,org.eclipse.ui.workbench,3.6.2.M20110210-1200,"",1366063711387
activated,workbench,org.eclipse.ui.workbench,3.6.2.M20110210-1200,"",1366063729415
activated,editor,org.eclipse.jdt.ui,3.6.2.r362_v20110203,"org.eclipse.jdt.ui.CompilationUnitEditor",1366063729471
activated,view,org.eclipse.jdt.ui,3.6.2.r362_v20110203,"org.eclipse.jdt.ui.PackageExplorer",1366063746320
activated,editor,org.eclipse.jdt.ui,3.6.2.r362_v20110203,"org.eclipse.jdt.ui.CompilationUnitEditor",1366063746500
deactivated,workbench,org.eclipse.ui.workbench,3.6.2.M20110210-1200,"",1366063930939
activated,workbench,org.eclipse.ui.workbench,3.6.2.M20110210-1200,"",1366063931695
activated,view,org.eclipse.ui.console,3.5.0.v20100526,"org.eclipse.ui.console.ConsoleView",1366063934034
activated,editor,org.eclipse.jdt.ui,3.6.2.r362_v20110203,"org.eclipse.jdt.ui.CompilationUnitEditor",1366063951512
activated,view,org.eclipse.ui.console,3.5.0.v20100526,"org.eclipse.ui.console.ConsoleView",1366063953777
activated,editor,org.eclipse.jdt.ui,3.6.2.r362_v20110203,"org.eclipse.jdt.ui.CompilationUnitEditor",1366063953926
activated,view,org.eclipse.ui.console,3.5.0.v20100526,"org.eclipse.ui.console.ConsoleView",1366063955827
activated,editor,org.eclipse.jdt.ui,3.6.2.r362_v20110203,"org.eclipse.jdt.ui.CompilationUnitEditor",1366063957720
deactivated,workbench,org.eclipse.ui.workbench,3.6.2.M20110210-1200,"",1366063997539
activated,workbench,org.eclipse.ui.workbench,3.6.2.M20110210-1200,"",1366063998417
activated,view,org.eclipse.ui.console,3.5.0.v20100526,"org.eclipse.ui.console.ConsoleView",1366064000729
deactivated,workbench,org.eclipse.ui.workbench,3.6.2.M20110210-1200,"",1366064012999
activated,workbench,org.eclipse.ui.workbench,3.6.2.M20110210-1200,"",1366064040100
activated,editor,org.eclipse.jdt.ui,3.6.2.r362_v20110203,"org.eclipse.jdt.ui.CompilationUnitEditor",1366064040147
deactivated,workbench,org.eclipse.ui.workbench,3.6.2.M20110210-1200,"",1366064046077
activated,workbench,org.eclipse.ui.workbench,3.6.2.M20110210-1200,"",1366064075657
deactivated,workbench,org.eclipse.ui.workbench,3.6.2.M20110210-1200,"",1366064079907
activated,workbench,org.eclipse.ui.workbench,3.6.2.M20110210-1200,"",1366064222038
activated,editor,org.eclipse.jdt.ui,3.6.2.r362_v20110203,"org.eclipse.jdt.ui.CompilationUnitEditor",1366064229768
deactivated,workbench,org.eclipse.ui.workbench,3.6.2.M20110210-1200,"",1366064432019
activated,workbench,org.eclipse.ui.workbench,3.6.2.M20110210-1200,"",1366064432805
deactivated,workbench,org.eclipse.ui.workbench,3.6.2.M20110210-1200,"",1366064434109
activated,workbench,org.eclipse.ui.workbench,3.6.2.M20110210-1200,"",1366064436951
activated,view,org.eclipse.jdt.ui,3.6.2.r362_v20110203,"org.eclipse.jdt.ui.PackageExplorer",1366064437854
activated,editor,org.eclipse.jdt.ui,3.6.2.r362_v20110203,"org.eclipse.jdt.ui.CompilationUnitEditor",1366064438107
executed,command,org.eclipse.ui.workbench.texteditor,3.6.1.r361_v20100714-0800,"org.eclipse.ui.edit.text.toggleOverwrite",1366064452020
executed,command,org.eclipse.ui.workbench.texteditor,3.6.1.r361_v20100714-0800,"org.eclipse.ui.edit.text.toggleOverwrite",1366064453028
deactivated,workbench,org.eclipse.ui.workbench,3.6.2.M20110210-1200,"",1366064470303
activated,workbench,org.eclipse.ui.workbench,3.6.2.M20110210-1200,"",1366064473313
activated,view,org.eclipse.ui.console,3.5.0.v20100526,"org.eclipse.ui.console.ConsoleView",1366064476201
activated,editor,org.eclipse.jdt.ui,3.6.2.r362_v20110203,"org.eclipse.jdt.ui.CompilationUnitEditor",1366064486958
deactivated,workbench,org.eclipse.ui.workbench,3.6.2.M20110210-1200,"",1366064544489
activated,workbench,org.eclipse.ui.workbench,3.6.2.M20110210-1200,"",1366064545417
activated,view,org.eclipse.ui.console,3.5.0.v20100526,"org.eclipse.ui.console.ConsoleView",1366064548636
activated,editor,org.eclipse.jdt.ui,3.6.2.r362_v20110203,"org.eclipse.jdt.ui.CompilationUnitEditor",1366064564015
executed,command,,,"AUTOGEN:::org.eclipse.jdt.internal.ui.CompilationUnitEditor.ruler.actions/org.eclipse.jdt.internal.ui.javaeditor.JavaSelectRulerAction",1366064777491
deactivated,workbench,org.eclipse.ui.workbench,3.6.2.M20110210-1200,"",1366064781311
activated,workbench,org.eclipse.ui.workbench,3.6.2.M20110210-1200,"",1366064782562
executed,command,org.eclipse.ui,3.6.2.M20110203-1100,"org.eclipse.ui.edit.delete",1366064791824
deactivated,workbench,org.eclipse.ui.workbench,3.6.2.M20110210-1200,"",1366064906426
activated,workbench,org.eclipse.ui.workbench,3.6.2.M20110210-1200,"",1366064907209
activated,view,org.eclipse.ui.console,3.5.0.v20100526,"org.eclipse.ui.console.ConsoleView",1366064909659
activated,editor,org.eclipse.jdt.ui,3.6.2.r362_v20110203,"org.eclipse.jdt.ui.CompilationUnitEditor",1366064926505
deactivated,workbench,org.eclipse.ui.workbench,3.6.2.M20110210-1200,"",1366064950043
activated,workbench,org.eclipse.ui.workbench,3.6.2.M20110210-1200,"",1366064950890
activated,view,org.eclipse.ui.console,3.5.0.v20100526,"org.eclipse.ui.console.ConsoleView",1366064953702
activated,editor,org.eclipse.jdt.ui,3.6.2.r362_v20110203,"org.eclipse.jdt.ui.CompilationUnitEditor",1366064972850
executed,command,org.eclipse.ui,3.6.2.M20110203-1100,"org.eclipse.ui.edit.delete",1366065003558
executed,command,org.eclipse.ui,3.6.2.M20110203-1100,"org.eclipse.ui.file.save",1366065007929
activated,view,org.eclipse.jdt.ui,3.6.2.r362_v20110203,"org.eclipse.jdt.ui.PackageExplorer",1366065011090
activated,editor,org.eclipse.jdt.ui,3.6.2.r362_v20110203,"org.eclipse.jdt.ui.CompilationUnitEditor",1366065011803
executed,command,org.eclipse.ui,3.6.2.M20110203-1100,"org.eclipse.ui.edit.delete",1366065017573
executed,command,org.eclipse.ui,3.6.2.M20110203-1100,"org.eclipse.ui.file.save",1366065020205
activated,view,org.eclipse.jdt.ui,3.6.2.r362_v20110203,"org.eclipse.jdt.ui.PackageExplorer",1366065022661
activated,editor,org.eclipse.jdt.ui,3.6.2.r362_v20110203,"org.eclipse.jdt.ui.CompilationUnitEditor",1366065022860
activated,view,org.eclipse.jdt.ui,3.6.2.r362_v20110203,"org.eclipse.jdt.ui.PackageExplorer",1366065024232
activated,editor,org.eclipse.jdt.ui,3.6.2.r362_v20110203,"org.eclipse.jdt.ui.CompilationUnitEditor",1366065024362
activated,view,org.eclipse.jdt.ui,3.6.2.r362_v20110203,"org.eclipse.jdt.ui.PackageExplorer",1366065024549
activated,editor,org.eclipse.jdt.ui,3.6.2.r362_v20110203,"org.eclipse.jdt.ui.CompilationUnitEditor",1366065025361
executed,command,org.eclipse.ui,3.6.2.M20110203-1100,"org.eclipse.ui.file.save",1366065031829
deactivated,workbench,org.eclipse.ui.workbench,3.6.2.M20110210-1200,"",1366065058107
activated,workbench,org.eclipse.ui.workbench,3.6.2.M20110210-1200,"",1366065103027
activated,view,org.eclipse.jdt.ui,3.6.2.r362_v20110203,"org.eclipse.jdt.ui.PackageExplorer",1366065111062
activated,editor,org.eclipse.jdt.ui,3.6.2.r362_v20110203,"org.eclipse.jdt.ui.CompilationUnitEditor",1366065111274
activated,view,org.eclipse.jdt.ui,3.6.2.r362_v20110203,"org.eclipse.jdt.ui.PackageExplorer",1366065113009
activated,editor,org.eclipse.jdt.ui,3.6.2.r362_v20110203,"org.eclipse.jdt.ui.CompilationUnitEditor",1366065113225
executed,command,org.eclipse.ui,3.6.2.M20110203-1100,"org.eclipse.ui.edit.delete",1366065297184
executed,command,org.eclipse.ui,3.6.2.M20110203-1100,"org.eclipse.ui.edit.delete",1366065386630
executed,command,org.eclipse.ui,3.6.2.M20110203-1100,"org.eclipse.ui.edit.delete",1366065386930
executed,command,org.eclipse.ui,3.6.2.M20110203-1100,"org.eclipse.ui.edit.delete",1366065387281
executed,command,org.eclipse.ui,3.6.2.M20110203-1100,"org.eclipse.ui.edit.delete",1366065387457
executed,command,org.eclipse.ui,3.6.2.M20110203-1100,"org.eclipse.ui.edit.delete",1366065387585
executed,command,org.eclipse.ui,3.6.2.M20110203-1100,"org.eclipse.ui.edit.delete",1366065387737
executed,command,org.eclipse.ui,3.6.2.M20110203-1100,"org.eclipse.ui.edit.delete",1366065387905
executed,command,org.eclipse.ui,3.6.2.M20110203-1100,"org.eclipse.ui.edit.copy",1366065433713
executed,command,org.eclipse.ui,3.6.2.M20110203-1100,"org.eclipse.ui.edit.paste",1366065436266
deactivated,workbench,org.eclipse.ui.workbench,3.6.2.M20110210-1200,"",1366065499518
activated,workbench,org.eclipse.ui.workbench,3.6.2.M20110210-1200,"",1366065647242
deactivated,workbench,org.eclipse.ui.workbench,3.6.2.M20110210-1200,"",1366065715578
activated,workbench,org.eclipse.ui.workbench,3.6.2.M20110210-1200,"",1366065722983
executed,command,org.eclipse.ui,3.6.2.M20110203-1100,"org.eclipse.ui.edit.copy",1366065754161
executed,command,org.eclipse.ui,3.6.2.M20110203-1100,"org.eclipse.ui.edit.paste",1366065756011
executed,command,org.eclipse.ui,3.6.2.M20110203-1100,"org.eclipse.ui.edit.copy",1366065791418
executed,command,org.eclipse.ui,3.6.2.M20110203-1100,"org.eclipse.ui.edit.paste",1366065796955
executed,command,org.eclipse.ui,3.6.2.M20110203-1100,"org.eclipse.ui.edit.paste",1366065839365
executed,command,org.eclipse.ui,3.6.2.M20110203-1100,"org.eclipse.ui.edit.paste",1366065864671
executed,command,org.eclipse.ui,3.6.2.M20110203-1100,"org.eclipse.ui.edit.delete",1366065868311
executed,command,org.eclipse.ui,3.6.2.M20110203-1100,"org.eclipse.ui.edit.delete",1366065868487
executed,command,org.eclipse.ui,3.6.2.M20110203-1100,"org.eclipse.ui.edit.delete",1366065873080
executed,command,org.eclipse.ui,3.6.2.M20110203-1100,"org.eclipse.ui.edit.delete",1366065873399
executed,command,org.eclipse.ui,3.6.2.M20110203-1100,"org.eclipse.ui.edit.paste",1366065958995
deactivated,workbench,org.eclipse.ui.workbench,3.6.2.M20110210-1200,"",1366065983107
activated,workbench,org.eclipse.ui.workbench,3.6.2.M20110210-1200,"",1366065983930
activated,view,org.eclipse.ui.console,3.5.0.v20100526,"org.eclipse.ui.console.ConsoleView",1366065987140
activated,view,org.eclipse.jdt.ui,3.6.2.r362_v20110203,"org.eclipse.jdt.ui.PackageExplorer",1366066004958
activated,editor,org.eclipse.ui.editors,3.6.1.r361_v20100825-0800,"org.eclipse.ui.DefaultTextEditor",1366066007876
activated,view,org.eclipse.jdt.ui,3.6.2.r362_v20110203,"org.eclipse.jdt.ui.PackageExplorer",1366066011481
activated,editor,org.eclipse.ui.editors,3.6.1.r361_v20100825-0800,"org.eclipse.ui.DefaultTextEditor",1366066011659
activated,editor,org.eclipse.ui.editors,3.6.1.r361_v20100825-0800,"org.eclipse.ui.DefaultTextEditor",1366066016398
closed,editor,org.eclipse.ui.editors,3.6.1.r361_v20100825-0800,"org.eclipse.ui.DefaultTextEditor",1366066016398
activated,view,org.eclipse.jdt.ui,3.6.2.r362_v20110203,"org.eclipse.jdt.ui.PackageExplorer",1366066019819
opened,editor,org.eclipse.ui.editors,3.6.1.r361_v20100825-0800,"org.eclipse.ui.DefaultTextEditor",1366066020102
activated,editor,org.eclipse.ui.editors,3.6.1.r361_v20100825-0800,"org.eclipse.ui.DefaultTextEditor",1366066020169
activated,view,org.eclipse.ui.console,3.5.0.v20100526,"org.eclipse.ui.console.ConsoleView",1366066023175
activated,view,org.eclipse.jdt.ui,3.6.2.r362_v20110203,"org.eclipse.jdt.ui.PackageExplorer",1366066057057
started,bundle,org.eclipse.wst.sse.core,1.1.504.v201102160550,"org.eclipse.wst.sse.core",1366066057147
opened,editor,org.eclipse.ui.editors,3.6.1.r361_v20100825-0800,"org.eclipse.ui.DefaultTextEditor",1366066058411
activated,editor,org.eclipse.ui.editors,3.6.1.r361_v20100825-0800,"org.eclipse.ui.DefaultTextEditor",1366066058543
activated,view,org.eclipse.jdt.ui,3.6.2.r362_v20110203,"org.eclipse.jdt.ui.PackageExplorer",1366066058638
activated,editor,org.eclipse.ui.editors,3.6.1.r361_v20100825-0800,"org.eclipse.ui.DefaultTextEditor",1366066060364
executed,command,org.eclipse.ui,3.6.2.M20110203-1100,"org.eclipse.ui.file.refresh",1366066064443
activated,editor,org.eclipse.ui.editors,3.6.1.r361_v20100825-0800,"org.eclipse.ui.DefaultTextEditor",1366066066978
executed,command,org.eclipse.ui,3.6.2.M20110203-1100,"org.eclipse.ui.file.refresh",1366066068761
activated,editor,org.eclipse.ui.editors,3.6.1.r361_v20100825-0800,"org.eclipse.ui.DefaultTextEditor",1366066070814
activated,editor,org.eclipse.ui.editors,3.6.1.r361_v20100825-0800,"org.eclipse.ui.DefaultTextEditor",1366066079413
activated,view,org.eclipse.ui.console,3.5.0.v20100526,"org.eclipse.ui.console.ConsoleView",1366066082180
deactivated,workbench,org.eclipse.ui.workbench,3.6.2.M20110210-1200,"",1366066091866
activated,workbench,org.eclipse.ui.workbench,3.6.2.M20110210-1200,"",1366066092571
activated,editor,org.eclipse.ui.editors,3.6.1.r361_v20100825-0800,"org.eclipse.ui.DefaultTextEditor",1366066092597
activated,editor,org.eclipse.jdt.ui,3.6.2.r362_v20110203,"org.eclipse.jdt.ui.CompilationUnitEditor",1366066094054
activated,view,org.eclipse.jdt.ui,3.6.2.r362_v20110203,"org.eclipse.jdt.ui.PackageExplorer",1366066100642
activated,editor,org.eclipse.jdt.ui,3.6.2.r362_v20110203,"org.eclipse.jdt.ui.CompilationUnitEditor",1366066100813
activated,view,org.eclipse.ui.console,3.5.0.v20100526,"org.eclipse.ui.console.ConsoleView",1366066117585
activated,editor,org.eclipse.jdt.ui,3.6.2.r362_v20110203,"org.eclipse.jdt.ui.CompilationUnitEditor",1366066125500
executed,command,org.eclipse.ui,3.6.2.M20110203-1100,"org.eclipse.ui.file.save",1366066140130
deactivated,workbench,org.eclipse.ui.workbench,3.6.2.M20110210-1200,"",1366066141301
activated,workbench,org.eclipse.ui.workbench,3.6.2.M20110210-1200,"",1366066142079
activated,view,org.eclipse.ui.console,3.5.0.v20100526,"org.eclipse.ui.console.ConsoleView",1366066143611
activated,view,org.eclipse.jdt.ui,3.6.2.r362_v20110203,"org.eclipse.jdt.ui.PackageExplorer",1366066158792
deactivated,workbench,org.eclipse.ui.workbench,3.6.2.M20110210-1200,"",1366066161288
activated,workbench,org.eclipse.ui.workbench,3.6.2.M20110210-1200,"",1366066186231
activated,editor,org.eclipse.jdt.ui,3.6.2.r362_v20110203,"org.eclipse.jdt.ui.CompilationUnitEditor",1366066186961
activated,view,org.eclipse.jdt.ui,3.6.2.r362_v20110203,"org.eclipse.jdt.ui.PackageExplorer",1366066203447
activated,editor,org.eclipse.jdt.ui,3.6.2.r362_v20110203,"org.eclipse.jdt.ui.CompilationUnitEditor",1366066211221
activated,view,org.eclipse.jdt.ui,3.6.2.r362_v20110203,"org.eclipse.jdt.ui.PackageExplorer",1366066217198
activated,editor,org.eclipse.jdt.ui,3.6.2.r362_v20110203,"org.eclipse.jdt.ui.CompilationUnitEditor",1366066217515
deactivated,workbench,org.eclipse.ui.workbench,3.6.2.M20110210-1200,"",1366066290947
activated,workbench,org.eclipse.ui.workbench,3.6.2.M20110210-1200,"",1366066357674
deactivated,workbench,org.eclipse.ui.workbench,3.6.2.M20110210-1200,"",1366066369830
activated,workbench,org.eclipse.ui.workbench,3.6.2.M20110210-1200,"",1366066415606
deactivated,workbench,org.eclipse.ui.workbench,3.6.2.M20110210-1200,"",1366066455361
activated,workbench,org.eclipse.ui.workbench,3.6.2.M20110210-1200,"",1366066461534
executed,command,org.eclipse.ui,3.6.2.M20110203-1100,"org.eclipse.ui.edit.cut",1366066468410
executed,command,org.eclipse.ui,3.6.2.M20110203-1100,"org.eclipse.ui.edit.delete",1366066478369
executed,command,org.eclipse.ui,3.6.2.M20110203-1100,"org.eclipse.ui.edit.delete",1366066479224
executed,command,org.eclipse.ui,3.6.2.M20110203-1100,"org.eclipse.ui.edit.delete",1366066479928
executed,command,org.eclipse.ui,3.6.2.M20110203-1100,"org.eclipse.ui.edit.delete",1366066480609
executed,command,org.eclipse.ui,3.6.2.M20110203-1100,"org.eclipse.ui.edit.paste",1366066500616
executed,command,,,"AUTOGEN:::org.eclipse.jdt.internal.ui.CompilationUnitEditor.ruler.actions/org.eclipse.jdt.internal.ui.javaeditor.JavaSelectRulerAction",1366066512659
deactivated,workbench,org.eclipse.ui.workbench,3.6.2.M20110210-1200,"",1366066516380
activated,workbench,org.eclipse.ui.workbench,3.6.2.M20110210-1200,"",1366066516549
deactivated,workbench,org.eclipse.ui.workbench,3.6.2.M20110210-1200,"",1366066545197
activated,workbench,org.eclipse.ui.workbench,3.6.2.M20110210-1200,"",1366066572299
deactivated,workbench,org.eclipse.ui.workbench,3.6.2.M20110210-1200,"",1366066611872
activated,workbench,org.eclipse.ui.workbench,3.6.2.M20110210-1200,"",1366066620229
deactivated,workbench,org.eclipse.ui.workbench,3.6.2.M20110210-1200,"",1366066692725
activated,workbench,org.eclipse.ui.workbench,3.6.2.M20110210-1200,"",1366066715204
deactivated,workbench,org.eclipse.ui.workbench,3.6.2.M20110210-1200,"",1366066718296
activated,workbench,org.eclipse.ui.workbench,3.6.2.M20110210-1200,"",1366066731897
deactivated,workbench,org.eclipse.ui.workbench,3.6.2.M20110210-1200,"",1366066733390
activated,workbench,org.eclipse.ui.workbench,3.6.2.M20110210-1200,"",1366066734221
deactivated,workbench,org.eclipse.ui.workbench,3.6.2.M20110210-1200,"",1366066823874
activated,workbench,org.eclipse.ui.workbench,3.6.2.M20110210-1200,"",1366066835136
executed,command,,,"AUTOGEN:::org.eclipse.jdt.internal.ui.CompilationUnitEditor.ruler.actions/org.eclipse.jdt.internal.ui.javaeditor.JavaSelectRulerAction",1366066918041
